label,1,2,3,4,5,6,7,8,9,10,11,12,13,14,15
Hòa tấu 1,-199.82906036376954,161.40812395672467,-2.235532158890436,29.256305071365002,3.9512373241574266,9.589331738200299,-1.4815261689729469,-1.9840882162715114,5.505226061233254,7.519359397888183,11.798397860970608,9.576279745060344,8.31464474700218,0.04513947952625365,0.004507357915833938
Hòa tấu 1,-193.11221867051236,156.68009632909022,-12.565508348026942,23.11230115918226,0.49861700423928196,17.637483104439667,13.184151078933894,15.677112227401068,16.199387396629465,2.772021846247967,-2.5381809578038927,-6.477923850680506,8.326245046216387,0.06021311063544695,0.006059432231104651
Hòa tấu 1,-198.5848525646121,154.67933129598927,-3.879852853403535,28.84483548222586,-3.380154291141865,9.568340828252394,-6.924344062805176,-4.054710372242817,5.040226545618024,5.1064030766487125,8.490146282939024,5.133543067338855,6.0102583064589385,0.047390542673510165,0.0048762721571811414
Hòa tấu 1,-183.27235341626545,161.08280728362328,-13.151559940049815,17.7794282419737,-7.591524478446606,11.427746523119682,5.721246447327525,13.586727574952812,17.879862947242206,7.224662087823069,2.7726312807133033,-2.8342417370787887,8.270825834052507,0.07933834625953852,0.007112864465048154
Hòa tấu 1,-172.22262486302574,142.68173132608104,-27.705277269246967,36.029703775672026,-6.308607708212248,10.217158142425292,15.093306588987971,10.40244350516519,10.909288853129675,4.353961024935855,-2.203918191444042,-6.102104277388994,7.562776148596475,0.15792109005950225,0.030415914363417503
Hòa tấu 1,-193.52624132023303,162.75967045273893,-3.8853709006725357,22.18811788226283,-2.598440957069397,10.306976820597814,-2.789117762515711,2.664461997012759,9.510548242164212,5.019477010050485,4.764214481205442,1.4988719976745373,7.150387573242187,0.05299071130087208,0.0045764398051417144
Hòa tấu 1,-106.49446145212927,140.30617232211802,-43.10412692136543,41.48522755489793,-11.485031441789728,23.840545590256536,-3.452305948595668,5.1500846568235135,2.707326742798783,-3.8853610892628514,10.336359806254853,-2.464139738193778,20.666304690338844,0.4583389381586118,0.06642368672215658
Hòa tấu 1,-95.8864047435827,139.6433953928393,-41.45741691145786,46.72944388278695,-15.305303507072981,18.63579887401226,-9.417665222633717,3.683789033806601,2.9079083711601967,0.3468504523815111,14.986993169230084,-1.0617192981548087,22.75531232966933,0.5310805295012717,0.08361310827920605
Hòa tấu 1,-119.38017167823259,137.16124235641124,-43.1910235393879,39.925408328411194,-12.967950309154599,15.251252746582031,-6.971450545067011,4.482475701806157,7.738608987733375,-2.2564729156882266,10.748436029844505,-2.48765549659729,12.32956471997638,0.31421336045376086,0.04671541513842206
Hòa tấu 1,-280.3120712796271,150.92258729796478,26.75967950866994,27.361138092434924,20.68995786231497,14.961853762755647,17.31292595293211,12.925294873471133,10.404679125345847,10.93389894536152,7.44430780266794,6.381403397714746,7.555538675059443,0.006995733141323214,0.000631176477699464
Hòa tấu 1,-302.39572277534296,141.19443497076267,23.02769152318559,23.881308061029852,16.262383273171217,13.495761664611537,12.36595310336206,9.821517577113175,8.203455754605736,7.61429764904627,5.533791639455935,4.396009789588975,3.0437889285203887,0.005900596060403965,0.0006925205733136435
Hòa tấu 1,-311.7683392216042,137.77926573085324,18.709921929283418,31.090894353562508,17.655269498698377,15.678404171397721,14.850951794264972,10.684188151993038,9.216348613229927,8.493125283055836,5.8825784072207945,4.752876359051553,6.433503671544761,0.008683648593183872,0.0010791786672988371
Hòa tấu 1,-274.3911272869018,141.57557862507548,17.50913421312968,32.12410024758698,17.03820101837605,12.024610250252456,14.749488275120223,10.182399489597422,10.018471749904363,9.808538022392614,6.923729253563904,5.295078372033898,5.054344435244943,0.008477289319614277,0.0011727708752028614
Hòa tấu 1,-113.13537285037157,146.145631780857,-33.26493058553556,50.8482683600449,-13.357311893963232,6.497461137539003,1.8309617331842096,8.755191031461809,8.846555645872908,3.1535909726125437,1.1590301399732508,1.8510811443009028,15.118786844393101,0.31244128715701236,0.055492499910680296
Hòa tấu 1,-162.57224048854073,170.91578029319285,-18.12529781129625,30.64815831299565,1.0189661116199793,2.248705036578259,0.3690857818881095,1.4548054525745664,7.049479137296262,5.039965357757421,4.586835517975444,7.567966401001105,11.159604795889003,0.08413268895540839,0.007584979130104545
Hòa tấu 1,-181.70739657637003,174.4034034618433,-12.344292443011694,22.914090389502796,3.192448517550593,-1.035155715573813,0.13158419703083915,2.825273904679478,8.017302076165803,7.696947363983606,4.723695789702273,3.0373423540073894,9.450298217183725,0.06162132668610361,0.0046046663293516
Hòa tấu 1,-168.72829213956507,173.38913749136574,-17.920480859570386,23.51526737096833,1.284775366579614,2.7858433085243877,5.2102404980034365,8.176981114323546,7.919763147104077,3.1783343570988354,1.59546046155255,3.49152819441586,11.168797041730183,0.07886121498666157,0.006924750663943406
Hòa tấu 1,-188.92596619572473,163.36606839433986,-0.6375978761282398,23.30766993521446,2.4423001245712515,4.288729442873192,-6.676969188466743,0.6968426358460182,-0.6447185244991551,-0.36931290593578586,1.5875057233637901,-1.216270277585516,3.6569807349736965,0.027385491605979122,0.002296230174309044
Hòa tấu 1,-200.33590388534094,159.2912558376199,1.0419088326173254,23.39644718052137,3.2679079042212797,2.971221624034466,-5.844177568534223,1.9642158833765748,1.3302682158675525,0.5786087443627933,0.8492023467206129,-1.9044281799751934,2.8956130377136833,0.022864926781984842,0.001921281795690556
Hòa tấu 1,-190.3654946808768,160.99473919254717,-0.9785676660514114,23.944787745576093,3.1588262247272056,6.129607564668254,-4.629207719523127,2.2545611578049045,0.7283741154588095,0.0891490840528271,1.281239321768874,-1.1395783949606488,3.72830872488494,0.026652111393390323,0.0022820523403658715
Hòa tấu 1,-193.6656155993591,160.63964226497478,2.987658787312819,27.053773431322682,3.8377651838801015,5.714920004258802,-5.608253973812314,1.1905687218485166,-0.1547749605610143,-0.20249569251309688,0.6180194686705144,-1.4681376514198192,3.6337375353329144,0.02421724559074671,0.0021405501475885292
Hòa tấu 1,-221.44095477386935,135.19645457052107,5.189742869617951,32.91222645649359,5.850320221266555,7.52565202386535,-6.080644540750801,3.5388000787203038,-1.4528360663346909,-2.0588018098967757,-1.6705795044275984,-2.0839746268232116,1.719502127949317,0.013869662644276073,0.0016882021803352697
Hòa tấu 1,-326.96324404761907,139.00041002546038,27.543005666278656,4.3269108660164335,12.409273602281297,10.944850726496606,1.2190714399019877,-1.4556151394333159,-0.8564368825583231,3.321083634098371,5.027745170110748,-0.12153937915960948,0.31770782470703124,0.0018926914760044637,0.00012262003580729155
Hòa tấu 1,-319.6577625819615,142.04654769897462,29.218663076701617,3.1655806056800344,10.099238274317413,8.42519703997033,-2.3345527028753645,-5.393818209781533,-4.646309760425772,-0.625453286866347,2.2085521756183533,-1.6148561443601335,0.318125479561942,0.0022538917178199403,0.0001314166405087425
Hòa tấu 1,-319.1488106863839,147.2375368754069,32.43878447069299,-1.208300368345919,5.76634176536685,6.685511660575867,0.5661151532615935,-2.1679626907621112,-4.35783178160588,-2.006694856711796,0.7412348836660385,-1.3228013951863562,0.41869971865699407,0.0025670718238467254,0.00013163218180338543
Hòa tấu 1,-309.30746125720793,147.52536929902575,29.98482777192479,5.086048116641385,11.830978756859189,7.497763505542562,0.8398246704112916,0.08569365895929791,-1.3595561060167494,-1.4686050962834132,0.12392300835677555,-3.571650066687947,0.5579149518694196,0.003257149832589288,0.00018791139148530508
Hòa tấu 1,-47.81073797882667,139.39649222237722,-30.25086736111414,43.52091025852022,-20.684655662093842,22.283030925762084,-12.836960539931344,15.771564991417385,0.4553703312717733,1.5544347582118851,1.6697333357163837,6.393661328724453,43.39551907493954,0.8207792532784601,0.11304253885904955
Hòa tấu 1,-50.1979545685507,144.71249680292038,-33.84908311480567,39.170714655376614,-21.231328539621263,21.216367838780084,-8.444568600470111,17.15665390037355,2.7550216361880304,3.3840833551472143,2.8214449160155795,8.261078094513643,46.449374462309336,0.9181047523135228,0.11075357631138384
Hòa tấu 1,-52.68789583614895,143.93870424543107,-32.97218010312035,41.05942948659261,-22.061539068108512,16.668681208292643,-12.269551030510948,12.737834621611096,2.3707649924925396,3.671057609113909,6.891835643563952,9.914981395431928,44.11387932187035,0.9093211742582772,0.1112722171311151
Hòa tấu 1,-170.06712809647664,176.5700308167108,-20.55361749512134,6.457694752971725,-10.298812443224511,-10.480386851005035,-0.9343422623259006,9.447055739415164,9.425223540846664,11.845386478422892,5.654645142136234,3.3466257501651744,14.232544700698098,0.24090005553594923,0.008905539121722228
Hòa tấu 1,-61.84832852164117,148.29738575397153,-37.507528151616015,31.784778509989824,-15.493211296451564,21.331918755970378,-8.321150211119416,10.124081243382822,-8.054640989935043,1.2500827899663756,-4.586410523051082,8.518320254465142,38.08455710835976,1.0513610190212135,0.10480592352234488
Hòa tấu 1,-168.6948488632051,174.69921383999363,-26.139998248898156,23.181907277591158,13.520865346461829,8.385745909396965,11.299951247207009,6.173876696884042,-2.3490332934525933,1.5250458542146894,4.7184071419852796,0.801473640643134,14.93127939960744,0.14089079299775678,0.013591644030278278
Hòa tấu 1,-164.21283606552495,180.2680407268245,-28.970960738019244,17.929931638298964,11.810648322396162,6.715967013850444,11.846130900848202,3.9734720640793078,-2.6272987263595184,2.4891278795352796,7.463446526392931,0.9414124141379101,13.886080337152249,0.12310858303163101,0.011451043984017716
Hòa tấu 1,-170.26829166223507,177.1470113319926,-23.78030021828,19.25376776627975,11.913911756902639,9.020452507799215,11.381605168675431,5.71085426355205,-0.5632270458016065,1.3733488530805795,4.360040195507579,2.780861833529307,13.38141375248975,0.10025474170647042,0.00911561533106436
Hòa tấu 1,-176.7181019546962,180.3574094866762,-24.40370094126994,18.215501069432438,14.996265827576712,8.698017465891224,12.254064010843488,4.955134465847865,-2.1431149992317255,0.09071906346200716,4.907765249767811,2.9983127981719404,14.019868756284808,0.10058361997698798,0.009145126614712248
Hòa tấu 1,-135.35392121041176,147.97186441704778,-30.989105775214657,30.70430357621448,-2.18113124643517,7.374039875029927,3.229038954518809,16.087375574920436,7.3821525319968115,13.722409501376719,-3.1693525804151403,-7.6038936907702155,17.520616739103108,0.4795930737788134,0.06853803904316214
Hòa tấu 1,-132.86136796214794,150.5166047728888,-37.49031802923373,30.70693128592897,7.203439521354319,12.256928472899565,-2.0754600991264427,11.530839192395163,-0.3613791724500975,8.91179294603886,7.842633136428229,8.060778313491603,19.599295814438623,0.44205698598729465,0.058461767865171536
Hòa tấu 1,-118.97559638070588,162.2345812580373,-33.92354618883369,23.207345534079145,-10.478991815064212,0.5072732954332144,-10.344529725242369,8.708515282904747,8.476012792622688,11.848397391414878,-3.067219161898783,-5.475664405834557,16.655251304702002,0.3919815380738514,0.03414912585267928
Hòa tấu 1,-55.41115000032553,154.51041956231145,-32.77913383210059,32.66172560606853,-16.970187603837193,20.05360173116816,-8.828029201172367,13.445997978643616,-4.925126687171731,5.39015314041978,-5.482858025496549,0.9108649713568168,47.13212381495107,1.0097648877436567,0.101650272618662
Song tấu,-202.94002901670527,214.6411431354025,-20.48099291015628,19.979870032905335,-15.697303477338325,10.255582093245609,-19.692042374902446,0.5394572825934177,-0.10546792941448282,2.37674998469576,8.658325054972467,5.773500944584309,9.317946077118874,0.09829386458431622,0.0040169846986422
Song tấu,-194.0223343252737,209.48116728613607,-21.97794260667718,13.730412322890798,-20.692480524048758,4.491757660057632,-21.30381100901393,1.9937971815417044,-0.13930655966036296,8.51696789174973,11.935195082406137,8.43371285622734,11.95229483535669,0.1560370862405796,0.005299671120500431
Song tấu,-182.59324236139406,196.36646428953446,-11.70248186787634,38.71535490189109,-18.63334069443387,24.000549582035646,-4.170355456628927,6.031644657104709,-7.964470087285823,2.9774251569274277,2.673987269002857,8.678264511369143,13.23174339748785,0.158756971197128,0.02518265712532016
Song tấu,-93.58926534333756,150.8119407066932,-33.77540286129533,27.32121613392463,-6.381204644672847,26.08128571420609,-18.465862181174714,25.766557970373924,-9.541856198207192,12.717801795456321,-3.578252137454856,10.943039097514838,19.4099984202942,0.3026130458818947,0.034442688538392316
Song tấu,-103.69927640503465,146.61061065571764,-41.126471050407574,26.991695755700203,-7.752862777149797,31.399451753367547,-11.150795772522189,27.660393493231325,-6.5016832315303805,12.599847928636448,-2.430742320059534,10.547088722969377,13.292227186340478,0.3018062249036897,0.03463759237969667
Song tấu,-105.21308833859038,150.93600810889814,-29.777354601035547,28.3705595863304,-5.222890685433927,28.964487577760497,-15.084670395556103,24.49635948385283,-12.092615540809057,8.752036582167731,-6.648041426637101,8.110438268569402,13.561771905374398,0.2000634798952489,0.02427252724389983
Song tấu,-152.05351009815433,158.86731112681105,-52.59878351855836,45.45327689974603,-28.30241455820492,7.137366741845839,-13.450935984933656,1.8961141263960197,-7.018267683061867,9.60251733421482,-2.857865030998769,0.3051282368774797,6.051147215842366,0.15706065043363165,0.01969235054815195
Song tấu,-154.68659448783134,160.38322558450858,-49.85204470835402,51.520448046783144,-23.224624740838205,12.139058422932656,-9.021568127599448,6.193118206733047,-6.664525832121189,8.00769710563198,-1.933899166990682,-0.5892824872730169,5.1005781398693655,0.13375018366428718,0.019952812259214737
Song tấu,-136.85643372806817,161.35701557784574,-52.878989548188784,40.91861790956861,-29.839390519470673,5.5011605751953,-12.061566296628486,3.8889595443588436,-4.665084534016342,11.809840482114549,-1.1264158352760965,-1.571136837021563,8.23653806713067,0.221410231888045,0.027316374810044834
Song tấu,-192.52058821458084,164.68366547651513,-51.890137608633395,31.02258413372231,-11.895813157775729,27.66062082753931,-3.298755892842111,9.846387586167026,-8.07219067166083,-5.480331451647657,-3.9828877135563054,0.4721774830168306,4.859020848716469,0.20077481754554016,0.019046078354120567
Song tấu,-196.31792307059501,163.27085082905748,-41.55426289804006,37.3162244937093,-16.364515195024453,27.7640811325515,-3.89708244317152,12.574683373613302,-3.6022622410868324,-0.0026788479807384837,-0.9794761518820073,3.1106601724257836,4.537244044937331,0.15254957974556668,0.014139420255341643
Song tấu,-106.15692974332981,167.49059446200877,-38.19220825820464,30.555559247233795,-28.457272376503834,10.10565333766084,-16.39530566534071,27.232337446117082,13.175977466198114,16.55060429008908,2.04721198123833,-2.6780126551321914,21.9730313783348,0.4149836992337387,0.0275261854222264
Song tấu,-139.3592300112032,141.90590440628918,-26.335876456072498,59.03743689674199,-18.49774039369762,35.968780013629825,-13.921551215882884,8.27005181842823,-3.755010389464356,0.7260181733896103,-3.0434352469484143,1.375100115345274,9.75079982177616,0.27309341167204126,0.04325938062351788
Song tấu,-118.70650561238611,147.5024874888136,-24.413702204075943,65.99283442927842,-20.879933177228754,25.227264071886356,-15.940039982963167,6.879346291955099,-5.422272780368161,6.843554225902892,-3.2888031010344676,-1.0835554556902436,13.942010120695837,0.25470166776439845,0.04290014423682094
Song tấu,-102.87326512129411,121.13481679807937,-23.08963710388611,68.7316256877172,-14.655491234466782,29.222166646683096,-16.86899319809416,13.617932572661834,-9.060870151455985,7.344199088106187,-6.64562048297064,1.6617043315367555,12.988039937789978,0.35747710518504694,0.06643028775812268
Song tấu,-284.237772121876,144.98284059862627,-33.26988251631874,50.96664171633513,-11.150967383339852,33.63229820441243,-18.952062973011298,13.838366062346111,-14.573154006938273,12.18478680708536,-2.153205816911216,2.1164068825866864,0.6360273906426896,0.012912191951345275,0.0021104939746695336
Song tấu,-243.3054349956704,161.1829243280417,-42.27779734015066,52.03583469837405,-0.45732719214464906,30.623365300554894,-11.234376536663559,11.292470683272068,-10.001106246059953,8.516888603119547,-2.196217299205404,-1.2872755631654955,2.0498476039227347,0.04093640786489739,0.0068480440209559
Song tấu,-219.6445515099975,160.92201767478102,-40.8000882533083,51.24605401463333,0.8432533854624898,31.518054660148046,-11.780661785582636,10.900444579662686,-9.158221431400465,9.972742075156606,-2.15097801342457,-1.1851704889615642,3.2833475412849187,0.06068238348359037,0.010237209600574466
Song tấu,-299.33508647803876,228.87639523509355,-40.475172765577916,36.300247567353836,20.103862938723438,6.64312989095282,-1.7491351852448889,-0.2717701231556194,1.9192025604530123,3.5458565290556305,9.799675676548063,2.0563441566300633,2.2575233465326905,0.02732280638916138,0.003103687245259061
Song tấu,-318.8994027842646,226.23401363717275,-36.669814094651905,35.920827868790134,17.1653212583982,10.809651830274126,-2.0891181418927616,1.0418023609098384,8.1545403893277,4.64922658055024,5.246818685312335,2.1496241665305105,1.536101893187784,0.01671423328637044,0.0019747659619034808
Song tấu,-323.1508043474178,231.2251778286835,-32.667787578991025,32.60662213531027,10.777174791165418,9.417963018485136,1.487094087843911,-0.7807873006424179,2.2488000747252466,0.7222488035127071,5.316230357590328,2.3759602590847173,1.71901460083974,0.01838911147425294,0.0020018814652214426
Song tấu,-82.8007052059357,111.80386740387881,-12.89493318724393,42.497961631188026,-33.82911379361232,16.045082238107224,-14.72234628865352,20.76514799778278,-8.669240907931009,13.537645648753763,-7.900478878348169,8.926117193539406,11.103337058279644,0.43443112578211907,0.08643387391770317
Song tấu,-100.99891549004958,124.26205176414057,-19.524532813890325,43.38076335211662,-23.21728933266174,13.00804843980333,-25.75261170628876,15.639544365996102,-4.706178078284631,6.636739483445783,-9.06239920087084,9.012983842238933,8.959653125608645,0.34801724184165866,0.06549498459329291
Song tấu,-99.43826211834433,125.2636432711496,-20.843082650449364,48.888790628184445,-23.06894728130222,18.717554592966636,-20.148890169567885,13.937741532373588,-8.232516869254734,10.598104334395865,-7.942781711402147,7.598538629586082,9.654932730179436,0.32573588609215753,0.06387553666408131
Song tấu,-311.25680057181165,243.5819522513195,11.936155241991964,9.791070577218182,-1.9248994035665008,7.161776671541176,4.236209098561153,5.933862028213648,5.142390931704172,2.403690553777991,1.1889821209237728,0.4506912278790139,9.327819490856662,0.0721849744400963,0.0014701173878394775
Song tấu,-84.11512785691481,141.55912109681196,-52.45417548342294,60.220639965605976,-7.433175755683395,28.8871683412571,-7.968472089655822,13.008935223455014,-11.883770053402635,7.665789649937065,4.933105661842137,-2.89255202843194,16.345714870657318,0.4763727946711678,0.08451644824688909
Song tấu,-80.24069076716701,134.79295856896852,-76.60992965570661,29.267733025809992,2.519579858833731,31.855343776403064,-4.399834449574302,0.02627745462600204,4.3200677840107655,4.622566211582426,0.21660004962347823,4.06629711130391,28.450615938791046,2.230218080683085,0.25113409101728873
Song tấu,-43.488010878198125,163.643140607853,-63.2530384637839,56.26449070806088,-8.787932035366827,22.47770827629893,-2.2673029667358335,8.629612687389587,3.0444850635070067,5.615784381095781,0.30450230039481735,-0.8075615437483309,45.92178789382866,1.144209689128362,0.18502227430050355
Song tấu,-43.06822418129963,157.7972177358774,-63.443564896599504,48.715926186296855,-17.27796338129801,11.624433770875468,-3.6368441361946404,11.833663773078184,10.556725309844001,12.110498620116193,2.5168692442685066,-0.9848794595254304,44.91158755500349,1.2604046981692638,0.1915054962249035
Song tấu,-24.494705719393632,147.697080707869,-67.01048471457185,51.070748172874836,-14.947437713078433,20.705103948363494,-1.2731202345927024,9.277104040053377,5.647527993124066,13.692285301693307,8.182803119006364,6.291295457593972,48.25829106269024,1.7639543475661237,0.2783264867481934
Song tấu,-68.36070340772137,152.35828700751364,-52.7539054972671,61.224879631629356,5.083050265958078,15.085564216343455,-15.810286235350828,8.422146316954125,-6.3570756090923295,-9.228760184601796,-12.26630158851976,-1.5117810867901231,37.03656354247683,1.3908427714838811,0.22340582015909488
Song tấu,-199.87978291591276,160.18811678168765,11.33875264890218,64.80985317421597,-23.002809153053672,21.868087817394613,-4.877476943700409,15.681052113356797,-10.275083737429169,11.474723499953548,-1.889469064996394,1.8714254669421493,8.134685370704334,0.05876414987306893,0.010675098880698562
Song tấu,-133.84934324564344,189.01787975400586,-41.0560293309266,64.61258876762263,-8.119339462506732,17.819495641567237,-4.06653813923083,-12.500184293736682,9.58655754559016,-3.0212512009817623,3.45961362412542,-5.162986589813711,28.603439030596476,0.3718923243490144,0.04569578635991946
Song tấu,-141.96885297130981,183.903156931185,-82.3558208248687,32.30915903566673,30.721797346321235,-12.038739699484115,-9.686407510103988,-1.2059897089183929,-3.2727684087577873,0.07977681868650442,-5.90758527007988,-10.088393722040996,14.377629437000277,1.1949665658291353,0.1667189549254422
Song tấu,-44.24992877967581,150.59791853276383,-43.762185406126704,46.218102247818656,-16.740573046498476,28.845593284603744,-6.384555932520624,15.595404335986013,-5.330258903794464,8.545300763935149,-3.2535650878147937,6.803530475567017,46.07648494306182,0.7912543273097012,0.12218210250379515
Song tấu,-143.35665202061068,154.93856727319417,-39.25332599499553,46.79635939948933,-9.7325739915355,28.63666427813246,-5.8405957244909725,20.92948351137614,-18.69888706211262,1.9664577566660368,-4.168410276016065,4.951059876975407,8.194701750807925,0.1298221247916399,0.016711187811808536
Song tấu,-39.465219291157545,158.13319417385753,-66.9230678520075,40.96616689497013,12.60498968105651,16.161230495741535,-3.6072140991887123,19.883718717257715,-9.917339536856648,12.796177242113197,-2.225144231997206,3.5026126828381052,44.86752138131479,1.5675145312663277,0.2308466464863173
Song tấu,-37.54816448558932,150.78414904234003,-69.30523990388699,35.596668540036,7.69466005903622,14.601474936341361,0.0002985362424499614,24.871006920186172,-7.794881921946803,14.637278094140184,-2.9302118884829373,4.127090540568167,43.492833996386295,1.7838122848014544,0.26819936231605496
Song tấu,-87.58269820324952,140.00680786949337,-65.3090814443735,51.0001822187749,-4.607372615897535,22.238004713752197,-15.079020923495692,12.861887287585233,-1.455248110756328,6.728232843271865,3.6819523774261858,4.595041311455012,11.46596730252756,0.481245357048321,0.07810783216973631
Song tấu,-277.3453410987471,147.1087330974464,8.74328685384929,85.33015579045018,-19.893476296702158,29.972833029402537,-9.530069692178714,17.90472071804729,-0.7515696022024123,10.38488769142524,2.43790594568121,1.2821319896765178,2.7008708239833585,0.017844307333508194,0.003272210599014683
Song tấu,-129.88765646382717,148.25383643721258,-32.287252105598064,31.700227453756494,-23.255279192059334,27.965156022471728,-3.811125003000765,34.971775259062596,0.889976771330355,7.786285166307835,-2.742063157584356,5.605974523967325,18.394242226839204,0.35345786728142414,0.023052900885594214
Song tấu,-187.04375986590432,174.5980731109313,-35.06047670149484,27.23154564705182,-12.894011150734082,20.65326614363935,1.2051381555488676,18.027177445166885,1.6160077317103894,8.592998488292247,2.4793949837868032,7.672089657855273,13.857507782959438,0.21982385634639331,0.017999911886698448
Song tấu,-162.73053367002353,173.08636400611903,-41.7759292950997,16.35436053723595,-4.379105691277861,35.04593450887546,12.13687371083825,14.765704778424873,-10.06319239665832,-0.49553181873914787,-1.3978285082805915,7.934507344827604,17.118970144844543,0.3716177212052438,0.025942603765621984
Song tấu,-170.368366305246,148.2323946235172,-10.24740693507635,47.85311790931982,-31.81252699751519,58.096848924821835,8.705656724330971,13.24507353487222,-1.7644334280969307,3.8643886248602914,-0.30476628677502127,4.807761116320871,14.306048178061046,0.11055204130829085,0.014681111639312138
Song tấu,-202.29150749448948,118.49139663288027,-29.78558614401514,30.320353217647227,-37.82046619286904,51.639107554253926,-0.0567874875305887,5.521466527096803,-8.034388378760886,5.600263162874258,-1.5472786500302445,5.6864996101445575,6.02896138341135,0.13965236224408517,0.019233936998821064
Song tấu,-120.88066122763134,154.72581543172882,-41.41945270232134,35.4195258210734,-16.87511681573447,34.894988350246265,-16.733181710426624,9.43953677314181,-10.54124576580963,1.0265801008230069,0.6919979947466516,3.500263446250488,8.535089363073805,0.23920901197220593,0.025517338314908003
Song tấu,-137.6536754238167,141.5048883750686,-40.55706527639791,41.44018551059391,-22.549783076530318,33.54396332386744,-14.378977669321973,12.270746823238289,-7.249221486192084,1.3174355087371974,-8.690574015662024,-0.4535955746835689,4.94626874756691,0.1918910869306115,0.024183005995486864
Song tấu,-303.7606877355671,145.9532054275972,-31.154181690319724,41.767670967905815,-21.712757586037434,32.230501436469545,-15.566038170536626,13.811139408262278,-6.533257451045473,8.28142106974105,-7.163214374495589,3.4289469740861236,0.28432018651991436,0.00997143550210609,0.0014245227730490372
Song tấu,-250.73400748772764,133.51877609303963,18.96883862617622,75.5322597082642,-20.227991559433697,55.9857227427505,0.21823983128652924,7.137568418746409,-3.476661295496102,8.920256590838218,2.875763234610741,4.599096485317053,8.454081761515248,0.02547204768847377,0.003831726899120589
Song tấu,-237.16370223437664,125.37091104003498,15.611886083083009,77.47630475277087,-23.32476583661443,56.569591088438514,0.6296680477949289,9.139844366589118,-3.4789036870202095,9.419769365552277,0.7804778030883508,5.711473511114567,8.458399492501279,0.03521520560302062,0.005828850270502495
Song tấu,-246.63080323898672,157.86701786717444,-4.650929610366407,63.508391389878696,-25.43743518543084,31.356219694765915,-3.4322147497215796,18.175447491648605,0.24164519062807727,8.466106421772054,-0.31659040104186653,-0.8989900070114877,3.2396442146814524,0.028151451867201464,0.0034415337125910882
Song tấu,-247.3526902469903,189.29677028081886,-29.981886135694573,50.46588449573836,-8.560978279863313,19.924943835141267,-0.4576936441919078,5.695310415631552,-9.72691841847123,0.15273236029821893,-4.626795053432219,5.5076375875285635,4.799532079502292,0.03295787386541694,0.0038329235391952976
Song tấu,-134.3306135349848,138.92368444232238,-30.287516408939425,52.39580900772758,-18.810447992314664,26.88850832144951,-16.55514565279651,18.044152337771195,-8.319710430742107,8.132921572712354,-10.584836972696726,2.3531243228992094,5.127260856173876,0.10119472378146924,0.016140197246453332
Song tấu,-441.2451492360603,236.13984348462975,-16.15342109598045,7.079468910759907,15.557917219141256,0.9361364984990761,-7.082571989816168,-7.825415702767197,-4.835238785548354,-10.407530712069676,-4.705463609567853,-6.366127117969918,0.16294318322484758,0.0009244786783193176,2.7249255919997233e-05
Song tấu,-286.6155212555442,223.11817284013117,-30.080624560049944,37.56398535093735,8.425649647329962,12.966939387126612,2.71124325762425,2.452721537056575,0.5947304783656844,-4.621311485019815,-3.114192904138246,-5.6430059190478215,3.8995886284244374,0.03224098863212522,0.002149447629203473
Song tấu,-337.0451087058587,249.32255130627482,-14.83893759653321,-5.616071047491852,1.2501866425259855,16.286346870321893,-5.705015394649776,4.548602976777083,-4.079555814830356,1.3183461037467554,-7.1827417406250404,-3.2324711299660214,1.5137966786959773,0.011103079127752068,0.0004673016660639636
Song tấu,-366.2225392829614,234.5840018792296,-31.43650049808432,-1.5682314652762683,-7.851915367769956,-4.83106325427226,-13.035154505517571,-6.606030077340212,-7.205420864615153,-1.3492392682809893,0.47737551831880143,-5.042486921600673,0.4514723153742821,0.007454561857992539,0.00041370600806751656
Song tấu,-387.37707289883923,253.6052262934554,-15.889698780001606,0.6290598407038877,6.98430369923944,-2.550347839211142,-11.352629113456477,-8.246737458335117,-6.388340534972507,-5.742864704226769,-4.697650190380505,1.8012754634570916,0.6331237703522848,0.0049737999201861244,0.00012885946869837692
Song tấu,-135.4655712216993,126.17274717503169,-10.076020353314869,52.00127918026519,-20.149880880496173,33.84504397497528,-16.44136369576597,20.874233088365767,-9.497714315967816,12.044905929262423,-7.400875199598612,6.525931090415521,7.763001880437185,0.11692549721448438,0.02114840350556608
Song tấu,-133.8710753399393,132.70938551784758,-15.243982074601595,43.228762135457835,-19.984584712264528,30.971577681027927,-18.17066058506535,22.474869450199165,-7.0408821663130885,16.83399368727885,-7.886687063154169,5.765095183831393,8.980855258796863,0.14910684751433925,0.02225815608308832
Song tấu,-170.9115938422672,168.71091435665272,-34.353496056336624,45.050394858803635,-18.068021659069636,23.666104488348882,-10.397623135593026,5.135888297272765,-13.369024243243164,1.6368030866850978,-7.455144107341766,4.348360045398757,6.924157711041836,0.09353356471247844,0.009026854897510215
Song tấu,-138.3724910519195,164.58268385667068,-31.133910497893456,39.249970777377634,-22.752185234457354,20.691456890724176,-11.133908116872295,9.494636270438747,-16.097440252136625,4.5292102653894535,-8.093809486457138,6.854934212954148,11.335116089803687,0.15683236501897602,0.01650003924241996
Song tấu,-126.21279111115828,176.7255923165924,-66.9865173288811,41.57820022724145,-20.117510987962767,9.104684486078803,-5.886900875281331,3.1215987847401547,7.428737377567235,-7.660518816955712,-0.5599967744637493,-8.701918291108663,15.702500895853232,0.3780234175878283,0.03950176726647741
Song tấu,-185.83086091618873,214.23161647630775,-65.81359030171781,34.07414920852336,17.933542628551407,-2.6342328855624566,7.09986254652607,4.667359782501208,-5.557556930792372,-3.6768633579729393,-2.6179667652949044,-4.83569405220424,12.075027466625485,0.37653272323741754,0.04151766418705143
Song tấu,-211.39453290856403,211.25700358004872,-64.26012183989968,45.34672823398807,21.0237252845812,2.933385631623974,12.843372513767468,6.098614577390877,-2.8328798459624767,-2.214537831820722,-2.8644413752699376,-1.4526631106002674,9.145222743523048,0.23583674366800833,0.030009159288939904
Song tấu,-195.4443825559074,206.4236728068578,-68.18228507919056,35.36049508440455,16.44899498509324,-1.107364616939256,7.359123901828475,2.872658146663653,-7.332699197191857,-5.408444868082984,-1.1917505805508348,0.3167350540392375,10.44353407728844,0.4100547169323975,0.05015116436588955
Song tấu,-157.13997571045738,130.94528000490322,-2.195194556063234,47.416032354169865,-10.780495045874828,30.546151183919363,-15.540741958745746,26.45603395624703,-11.811327121678403,12.098041278263398,-15.394702255377004,8.512920768264943,8.446974813039523,0.10550981405161537,0.013437521570688265
Song tấu,-156.4722130561752,123.41171009484741,7.1926048499684665,47.093567028093496,-10.829575559965344,34.71356064021388,-14.305229601951746,27.650284147581527,-12.768013414431575,12.29657678869257,-14.335436326205532,8.938960673368495,9.431426999961216,0.09589794276824165,0.011471931850849916
Song tấu,-77.09716550163601,140.06498182417957,-41.10379018213438,36.7272827665144,-15.246618065247967,38.47849115639626,-20.585697339928668,13.581855765453549,-12.680390550739391,3.111692852125718,-10.064730781675582,3.119115049573889,16.22323844979134,0.5640444813949064,0.06961484433531996
Song tấu,-79.70224739317112,141.9490446773261,-31.965796611081796,40.04772878689909,-19.725574568063518,36.8539317858259,-20.523356290565285,11.483037990695458,-16.83911559000661,2.8117406641858875,-6.158640950220485,1.849717952983834,17.8370208689985,0.4879395643822276,0.05784833616467308
Song tấu,-75.62425681280851,142.75582439205718,-41.06351202387475,59.134942683089136,-18.526979374895525,22.70647924640107,-14.88628504607191,6.227934780826537,-14.761763054192265,1.6169426011600623,-8.56392962557815,4.879752235069722,20.94652740307227,0.5764003306143859,0.09092739450499343
Song tấu,-60.379150137404935,144.97655632503853,-43.417843051578686,53.45219603828762,-17.683424418187858,21.94027661001403,-14.357519921650455,7.339777911387159,-14.157196232407388,3.0087785951319748,-7.823841472632909,3.5204888664460103,24.723411000866356,0.7269538925251107,0.11769726565068023
Song tấu,-49.84648851816072,136.28357196412358,-43.44789138844978,51.65612521857322,-23.90460256370015,22.940947630931703,-14.362929656852447,8.576234664643389,-12.218950665714749,8.130388328512776,-5.860631939260458,7.273805035795257,25.527166368134544,0.8933858678250091,0.14841548540173566
Song tấu,-184.83227046596565,206.2997470715373,-57.17380560680377,44.63872331520387,7.690547782242498,-2.4755626554074497,7.59706941536039,-4.383740171640613,-6.423940479805238,-1.4984847939134043,2.9816666340897715,-5.443840856536176,12.747129988341115,0.3430094466896347,0.04627737694274929
Song tấu,-162.3152167661533,203.46615217840392,-60.27081072370344,55.56028827935158,7.750062246187076,-6.71752158868871,7.096524594918542,-3.488393480014243,-4.1420751447761335,-4.267531000451499,0.2980544541691458,-4.52646457765214,15.68770522544282,0.33008304945690026,0.04667253200739439
Song tấu,-309.76499520496384,200.00317903346442,-34.84186395615289,-1.3490843633345537,-31.944739388183606,26.794341510952915,-0.7947762762025049,2.4968074940917484,-12.89479351686594,-0.3959728950341808,-2.9446828033413777,-4.822305138294514,0.615800619329385,0.012874258838790193,0.0006994900965248619
Song tấu,-311.9520640293491,178.7604171089504,-38.41310008981555,23.91395598091808,-17.395194274825,29.20698429908242,-3.5387152314784136,3.2886417622749624,-5.805428382146318,3.1781714585263994,1.3538543674658772,-5.233168127644421,1.6421348115781254,0.054481106496051576,0.0028008184420218987
Song tấu,-309.4861660960526,202.7820520050151,-31.8388865887122,1.0641376653742232,-25.685008060423826,27.973454799540466,0.014987445869374037,5.805608360663705,-5.193615877907412,4.905806472369261,2.1596018902234806,-1.2064045573207847,1.1109350366668969,0.025228969994371745,0.0011186241553650922
Song tấu,-236.14969137440556,201.79160484900842,-40.320832817151796,18.26439497115271,-16.49157028632818,14.639500508539653,-5.200260785162249,10.345565633131908,-5.718665002231614,9.953464246015486,-3.5656198033421336,4.720779865332272,3.213319818032158,0.05503725730876336,0.003456629417662704
Song tấu,-211.32765978554818,194.3328838029434,-53.96393542465159,23.64461003542943,-12.36932107307839,12.654422336497833,-6.107651774101831,8.867847054748232,-5.449686333437429,9.691037618794967,-2.7163920638752623,2.690788961174496,3.644734122259324,0.08131582107349772,0.007983651999552832
Song tấu,-165.7370198355072,166.0808438457374,-57.79772272516652,35.44457036720271,-8.961722704279781,8.900444896287445,-9.488460562300922,-0.14770809483767353,-7.956230004445765,2.274241919003203,-2.47894401955465,7.780867790797084,6.933337699600112,0.3526801854648772,0.0515833506353456
Song tấu,-129.90040372765583,166.18582658544432,-52.09011188996676,37.07262376120258,0.6400630704335943,22.030013721822495,-15.29992030012767,20.567665898929473,-14.549326396108073,2.3659707511149124,-5.5768971101296785,-0.6555550183390694,10.867138736277825,0.4382714105911251,0.060170325770331115
Song tấu,-137.83250735356256,179.36519377845585,-47.64044284082974,31.12301370890244,1.4481600420206886,19.585856679341067,-11.879354587964789,19.3529993886234,-9.520647894379287,3.140299342049404,-5.093463750786606,-2.534700878089088,11.723458814963443,0.31518212733422735,0.04110582569303541
Song tấu,-136.9824437642576,102.11676485961098,-39.996720652018105,62.502043325366785,-9.016794234215217,32.88938251267309,-14.762492943268557,17.30674696427125,-7.802521751227985,4.124246835409598,4.586842164945443,5.73643331643331,7.279450449455579,0.3821552771248738,0.06642921943620163
Song tấu,-178.0837648831881,185.45648201014285,-17.49867007166247,33.98284408280682,-14.292064106833177,25.640134745018937,0.07184686608936476,18.183125432618088,-4.294915866144126,5.022503595587402,-7.737127841615358,4.696823181814972,17.611131952127074,0.11582659684540553,0.00702197377911028
Song tấu,-200.1583768404447,170.946468595677,-4.73319536776447,51.3414582775588,-12.745791920650763,28.718668886650367,-0.7784103486549894,18.723098258310337,-9.820898599150189,4.263805088091853,-8.560202338225068,4.385397072769328,12.193680447956895,0.06963331941677171,0.005155926462743951
Song tấu,-154.1555434772402,170.2161516935929,-55.94104025136667,51.829682618080575,-16.862513622013623,32.89090648024377,-2.3600767430752816,7.325205919136571,6.871945020945176,-5.219401601963617,1.083450524005603,-4.530477777372634,10.760601396947308,0.3503936280416058,0.04342865283770244
Song tấu,-195.9235436940273,181.1746166573719,-27.722940038877187,26.079049892050765,-13.738326405502084,34.08858502190249,-10.94847711462241,14.380283265209517,-4.299847128897606,7.570548020278331,-8.931101765820015,2.8743311703130354,5.251736301780027,0.07489057064461314,0.005416699300235739
Song tấu,-181.31276473233532,185.21037874253696,-30.905389514455827,22.370004412721233,-14.93437310235955,33.314031523805,-9.918854527050835,13.73092424590452,-2.1326903112257605,6.905423534155689,-7.110456863573961,1.290302098943637,6.799074339923328,0.13443994843904047,0.010735294468516952
Song tấu,-163.69819623251823,187.57858919379703,-46.06311454461969,30.40919063043435,-6.087769034315511,28.276170751123523,-7.181839391539328,11.318986305225653,-2.9951840697921637,2.4111300174358696,-3.8305976876247687,8.509756026160359,11.39545892191705,0.282832558514787,0.026916354248697656
Song tấu,-30.584014097085365,115.00625808103428,-50.87232579196177,55.56369962660365,-11.891233036101463,20.176300457862506,-10.956890448977717,23.342781387443925,-4.503178893024706,8.166444002086902,-4.426769265861416,4.367641971860841,28.80781714694129,2.211981527452623,0.42820261324616943
Song tấu,-29.620031910995177,112.45101650582508,-49.952905099926184,54.479763235136815,-12.223925028656637,21.579490756310747,-9.687194410574476,22.22873403774855,-6.666379053955493,9.748389899531336,-5.275382991344435,6.93229279176248,30.205857036921063,2.4496223475215784,0.48012024434293826
Song tấu,-35.799655159007145,122.80745931772086,-51.58449694145483,49.5248482490463,-17.687087253982007,13.044320100326601,-18.71121042408672,20.588155525583886,-6.448811276252054,5.857030792330021,-8.883906537174779,2.0142465102234013,24.067478495871143,1.877844270510104,0.3450717286309754
Song tấu,-36.41572366634938,113.96573746084768,-50.175513414236214,56.06409855590616,-10.452894431193139,20.058907289917652,-12.632188677289415,23.31722788941302,-6.707538493775005,4.454239197523897,-6.341647510095982,2.1894132390269467,24.380888934279124,1.8763861248436,0.36993138972301454
Song tấu,-27.86294487850074,103.86906535170948,-47.43402890616835,57.606385240586704,-17.109722805461757,22.188244374699416,-12.119276095493182,21.997775033365524,-5.900308010570182,7.6770900860678,-8.102445528658736,-5.161782758142238,24.691016374503178,2.0999356102669324,0.43200994736238857
Song tấu,-43.14897961899588,93.69423712535846,-40.34143169109638,67.50914832022677,-12.471659411056384,20.025141392264477,-12.993601720069961,22.23270178160141,-2.771513779027805,10.960724939969072,-3.4347250230834634,4.968272783385471,23.310915945093132,2.3243513977541483,0.48914610247467216
Song tấu,-166.08789554965935,170.96983220027045,-36.405175307123955,42.02140809381287,-5.736915123427791,20.413302786174825,-11.83629059582251,8.36619957135274,-13.398251406462197,14.687726045656563,-2.1605556716388685,3.5144549385959087,5.413471466115673,0.09396158961976336,0.0111063550480724
Song tấu,-160.7627505044076,166.23484985963955,-36.80163049857353,37.83458796312976,-3.817610466211137,17.51620415939535,-12.900977162214426,10.194738891411784,-11.091018449851502,19.231996868167034,-1.3798007032145625,2.8263397961854935,5.257031000547896,0.11262919541809674,0.013570074752474938
Song tấu,-169.08982611818857,173.13353657802213,-34.53980319077355,41.60211102539879,-6.296454467352816,17.40964015022568,-12.90781409864043,7.901241857969641,-14.005227029821944,16.975351176931706,0.498152116070623,7.202366083063011,5.122019781610371,0.08122207816251029,0.009991460572368771
Song tấu,-83.1632791857257,157.43008019692923,-51.590224173555406,35.77349081645443,-3.8837053177249072,19.76945812267603,-14.197263625951914,3.732020948393688,-13.440976929405462,6.542119172404841,1.0484252273039674,-0.8936171332704383,19.968508660411743,0.9920801290244107,0.13006440968090804
Song tấu,-96.48850025560544,133.33233027633617,-43.27683219782086,47.58885337357537,-11.286578902333078,23.594720269126636,-10.031100056940895,17.414029535142873,1.8830142503473473,13.948109677404066,-7.544951167568116,-2.604259322817908,15.412360430506672,0.8152454203007162,0.13227238720614568
Song tấu,-87.27380702806556,156.51264614245565,-50.8866036647937,36.38343329493417,-15.780759635178939,11.074565393868896,-15.875688956234367,6.14825955172845,-4.543807351469595,11.32892049255977,2.6903139478386846,2.152760326114785,19.26889212237886,0.8454085721480142,0.11486594063753842
Đơn tấu,-403.42061816569554,190.38868009127103,-44.19607841529974,-6.714692689204296,-8.829293480186559,25.706987619001332,8.349802554351431,3.1123950636033033,-16.372188349730994,-13.940954367851333,0.3682517267788533,0.9229018670260707,0.18727068429467048,0.00761922305479434,0.00037713602726677914
Đơn tấu,-433.53314831583793,223.55443070325563,-26.9826042495643,29.599663101311112,-7.099956994620853,16.90408792762852,-13.685126585804898,-7.778558843111912,-0.8355223296403287,-7.622298417581763,8.860960987549163,3.702730941433572,0.0827806626686384,0.0006936442583369521,3.371213383686084e-05
Đơn tấu,-408.394332732644,223.61746843523005,-33.531220611521235,30.700833359689618,2.4976594760565454,18.739054423909522,-6.590731669080298,8.523205569107397,2.140028853629744,-5.733466411464191,-6.496927520752352,-4.606190328713644,0.17359395323470733,0.0010041400683688689,5.836675643755813e-05
Đơn tấu,-321.3700587039807,193.1936889189143,-19.54244894676384,34.1888399211858,-13.235650366365311,19.281943780821702,-15.580105674107338,7.855495013620542,-3.7826512807787065,10.869591911451074,-3.9818543206688553,2.8040401530156167,0.7942500484143274,0.0045471336980066855,0.0003119421859326336
Đơn tấu,-399.4330736243206,227.10701774673717,-27.091310355774933,30.931577950416997,-1.1676192065345803,23.480211234012973,-6.07241938544755,-0.47832167004063775,2.561987511689049,-1.5140445181308781,1.7550206615723496,-4.239655509640939,0.21039011365933388,0.0010804483826026118,5.610930298230793e-05
Đơn tấu,-506.6874228384981,189.01730831490713,-48.15068468840226,9.28887333788202,-17.814620481785326,23.70089795278466,5.854034601495816,8.350841610975888,-1.2803810589688278,-0.7458571801616196,-5.743415018612127,-6.972006386937107,0.00937449724809033,0.00021411110318412253,1.223379670312148e-05
Đơn tấu,-292.53149562057445,192.41661143223178,-29.594461198634527,21.507758350774996,-7.3313389798022035,24.086989695411862,-20.300610513192755,5.916809606861111,-13.560051815067247,8.331858835142592,-7.382786670955128,-1.2033612441059738,0.7350748121328838,0.009292646542543468,0.0006180738493018351
Đơn tấu,-482.81502785571047,144.6776610154372,31.75572843057256,23.477431702972655,11.219600814491212,10.106521101998645,-7.087732544685886,14.719988632560973,-15.573299985864889,12.845746666193008,-9.814393326590292,7.404957800704898,0.03867973824480181,0.000185133336130592,6.448816602121424e-06
Đơn tấu,-305.76737710703975,181.12652812434678,-28.907257278826723,51.05112271962756,1.4055487816549066,48.88147608651764,-1.652756437908447,4.256883713014947,-1.2973080265980501,4.8889683893691736,7.024884291466662,6.715746910775386,1.8516364124117661,0.0048681619669930605,0.00042280581098806804
Đơn tấu,-345.16505911836657,179.47749111724139,-7.572196525175834,50.852290539637856,-5.538763308006784,23.646999859291576,-1.8887332674850987,23.56153526334061,-8.273265295802151,15.26716272129263,5.2295594290646426,10.292069336841736,0.9896703738093152,0.0027563337272307185,0.00017418998652091096
Đơn tấu,-275.11649253615565,225.27039640803002,-32.050922144814876,30.602902242571215,4.777614120655634,10.523247268088287,12.894952215976938,12.665363802758348,6.51172116358942,4.663895371167556,0.19849992974546044,-3.866520898821561,5.04380165096715,0.03210560363860658,0.0024462779025112695
Đơn tấu,-289.1341107218561,234.3192076411933,10.962201606270462,14.265846082299051,12.56594339770617,25.64774860586211,8.76749563336771,3.685593557497331,-6.397235645448483,-1.370016394550585,-4.410797435279474,0.5277628139109914,6.194821542837536,0.011080299216528174,0.000258265603014913
Đơn tấu,-267.2456235343397,240.24177908498706,-16.102648706539817,14.263617921533394,9.106562065141256,3.59772179053978,-14.093038254856664,-2.5394124128049036,-3.1209976713244734,2.8138121185344596,-5.919953647714395,0.9214387475248165,4.64031661368352,0.023245519401620847,0.0007410966290220198
Đơn tấu,-40.877185850438465,112.26818242918289,-24.15425570234407,12.569078938618153,40.6135238787801,-22.74749256057484,35.317090369387216,-7.692297192720266,23.185690250683788,1.7912581106990475,5.623815449185196,5.454290946241605,32.88414256439862,0.7444864892950566,0.12716730499517473
Đơn tấu,-354.1448489288024,209.35991936623054,-32.33142424686298,-11.31613982999604,-16.59887346480802,-4.979651123683987,-20.43489449578384,-3.5914562626128212,-8.753032613707626,4.822637084535133,7.844572494659934,9.416225695091745,1.0739184112231992,0.01674326401071492,0.0006191093723883035
Đơn tấu,-257.65514213026165,234.18573630852842,-35.59501437120214,-5.864381424758745,-9.560718558305084,-11.269504492896855,-9.568306539868033,-1.8972613493036665,-9.871742966581747,2.987554406840666,8.195873029554967,1.2822608901405812,4.9385175102205014,0.07944698573213171,0.0030921245884872896
Đơn tấu,-228.03202283980457,217.89642272745087,-51.306243054444174,1.6465408540390007,-4.051342105686066,-11.829555681155975,-13.358326913620717,-0.30212219951543523,-11.576532378443906,0.9720571305241473,10.507821742706874,5.111030280988751,4.462730302091495,0.09974291961056092,0.006725021181624678
Đơn tấu,-419.16498986693927,227.38911575776677,-33.97600106331816,4.2277122806246865,4.2138327192702025,-3.631270102284425,-7.892854545477242,-9.337802223038913,-14.30583035547199,-5.267904685093806,-5.0440929171233675,8.588593316716095,0.12238008476852948,0.0013847423863619012,5.088329869104446e-05
Đơn tấu,-355.61501340323866,242.39950285946645,-30.84886555827182,9.230018293777835,4.86959895132776,-5.742554015190306,-10.576365452920115,-6.686339957757937,-12.553484331803975,-11.091144313232157,-1.4312367379216844,6.596477231951462,0.7272797221844287,0.00678866855395229,0.0002515723331820494
Đơn tấu,-319.7421354976386,240.39890057107678,-42.44885696395983,16.07239846202442,17.780632439863723,6.708783934198095,-1.0374932908094847,1.028849902759029,-3.9050300050539315,-9.408943067127247,-7.595616187239969,-4.27303426122187,1.154590642329673,0.011498325922383135,0.0007075419486897462
Đơn tấu,-274.85367397959016,203.2983570928159,-55.698268118510676,10.86749940108894,4.2324345075964525,7.923124032749181,-11.124831686849179,-3.711491342422157,-14.999361849548825,-5.262999960610699,-1.178238289511722,7.475851785478783,1.4206852253750715,0.03379932279972654,0.002554491254049244
Đơn tấu,-395.95796157683816,212.92733381902892,-15.096313333630961,-9.33914011457692,5.384380200584995,28.2491063019105,12.940044245991022,16.93400997501552,-13.691375810765104,-15.296141041162421,-21.568868716823616,5.2841811330621455,0.25864763382003086,0.005631493064715059,0.0002277384508753127
Đơn tấu,-328.94420253791935,214.0074924736916,-60.333013228349465,21.371297607254423,9.31021074696528,3.494637969594735,-6.950277005051291,-4.85797850334126,-1.6951404194469037,-7.584266418398025,-4.6221522533375285,3.8027966048157333,0.6552739301844372,0.012024178628211707,0.0010245611982490175
Đơn tấu,-340.96206430288464,232.80990263769857,-23.834631266801253,-9.606448168838304,-14.045186600756885,-14.603519954011592,-15.160963984835506,-3.302895719889414,4.368325600257287,9.655502720982035,12.542799581951122,5.435666401549725,1.3649535736413267,0.020087875762680268,0.00039753591256997946
Đơn tấu,-145.1947890571926,197.748776949369,-38.33739857370638,18.419283340208505,-23.124521472382305,17.160367979652506,-16.98855157460656,11.648673440301698,-3.914540806990802,-2.0906902777909435,1.1473676748698372,1.0598412818434246,13.188673558227569,0.273214530195935,0.01941847656287791
Đơn tấu,-271.1629664698572,162.49794450332487,-20.538361661808946,56.040667993169166,-9.919078508049349,24.949982048277075,-13.702513793389933,14.561890653923253,-12.253138313923392,8.69355868695173,-4.793618781012436,-0.7115750489725317,1.4690253447147903,0.016743263119542013,0.002196443747428797
Đơn tấu,-250.59633057253018,237.35932876433816,-5.076780585640649,6.687926652140442,-4.480632913551203,-0.10813776455994036,-12.775372857931865,-8.559067970434558,-12.026146784873312,-7.8242378222902484,-4.706840341730062,2.1599851153716196,15.78915054701739,0.14421288607956656,0.003040311335614667
Đơn tấu,-223.61532138582058,180.5787149894995,47.945291531923225,8.94500597778172,14.803640742266058,-1.91576136215076,9.927588742911617,-8.659249379059743,-1.1250662612775497,-14.96842516026768,-6.084909449652286,-0.9387857830743725,10.551912899365817,0.034201556127954516,0.000498994457711743
Đơn tấu,-289.5468681105802,204.7618920571828,-8.30456767692215,6.073047859513241,-20.527765292587087,1.655394171591985,-24.30302268725175,11.122924625973239,2.811475592313403,13.444742810367341,-8.539126512796983,-8.907311470811582,2.3599908013242517,0.033389048181679815,0.0011421491727399572
Đơn tấu,-275.09559172053,192.76901143051708,-36.683690681904054,19.70145046262438,-17.944919668312455,10.635298365733297,-17.645427893286566,-0.15841468490884456,-11.285240188988555,4.274850289134876,4.120735822712697,9.980451531832832,1.9731232880367071,0.034715400474896664,0.001761191871230427
Đơn tấu,-309.9398669494833,179.0496414847996,-34.55423488953839,-11.444344509006743,-20.415999211794556,13.534225903576035,-27.894749542542524,12.635359160352909,-14.46350607270979,13.712232831703579,-2.970233288297685,1.3486847491766696,0.7949054200664774,0.021505311540916654,0.0010996632907112887
Đơn tấu,-367.08133990948016,197.90072636939212,-1.3613502101156625,15.588316008324009,-13.887728363873569,23.928068789351347,-11.45268505771822,11.261573300861993,-13.293826607158751,-6.611577800633915,-12.00625186510708,-8.46323020302731,1.2203610167569203,0.010910648909976776,0.00040741705421582614
Đơn tấu,-369.6814241441197,226.7440250358454,10.595115482209119,8.095356909228009,-13.697938034965043,3.9444522001472206,-6.258551657274615,16.750156817926612,4.869170338762644,3.5855059294297944,-7.243747210074029,-8.414916567977855,1.3888402634018402,0.022873290843193263,0.0006295398695941038
Đơn tấu,-409.3442232776246,222.39344705945274,-20.32176571022906,-3.8889783154861584,-11.931713758952244,11.138396797072529,-17.090877267528935,-4.146102718485638,-13.946669938921131,-1.5275257675843095,-4.002307286380127,-7.75547679481299,0.21220595124146488,0.0027522492477745062,0.00010133577790656386
Đơn tấu,-251.02239923891813,177.2523500576466,-31.069794138139706,17.44299422229413,-16.83418093885865,5.06020803111652,-36.94814467988285,3.9467256334688154,-16.40599508668268,9.645581066708102,2.3302356612223845,5.885538401262816,2.372653962574731,0.03552424573185342,0.0016301139063977432
Đơn tấu,-521.1589333014344,209.19994892643447,-24.88678137444732,-9.233672687790067,-4.694359641733975,21.82327812680831,4.154931065828904,2.505910750216864,-7.36385536173913,-1.9130214434054782,-0.1305958063506761,5.475306385087728,0.029755777115606542,0.00126480521397497,7.18828599524675e-05
Đơn tấu,-389.20889751727765,234.51104695501934,-24.887869566180633,-12.023950912581638,-11.885452752926676,8.048142761639927,-11.775569739549056,-6.504046308655404,-12.60525467782515,-9.677106377104902,-7.255054208147885,-7.424954532929089,0.42171423929279367,0.0056607180187030134,0.0001713632219584728
Đơn tấu,-473.88646909783915,208.63738340039717,-28.282948096310815,-17.102745214433575,-26.072766862984086,-4.5552907017212245,-14.380712253393536,4.786373058115958,-7.810470294095202,-4.776599885627976,-8.84550939395675,-4.348138565465459,0.06481073598336914,0.0011421847173532956,3.310590663326773e-05
Đơn tấu,-437.7008946651599,177.6842144356922,-51.41003068553963,-27.354414167511823,-20.924134058298474,12.024483112587179,2.925424210004583,5.58076769228165,-11.992551576632719,-5.3577221038449165,-0.40379617532659134,7.247934842887132,0.16381223187127764,0.007208448913973137,0.00035243859219389733
Đơn tấu,-493.1261175149261,209.5466794935756,-33.51267749988116,-21.495017453479928,-25.121888708510127,-7.843329285374254,-11.51880057051429,2.674555896466791,6.474978991874484,7.056083775284298,-0.1430332732938205,-1.1550389061803403,0.06247375163103276,0.0013668034002683241,4.558883024625677e-05
Đơn tấu,-326.7500686390344,179.97608156746446,-43.439693699712336,-25.43778579211155,-34.32170106894196,2.305005227143948,-13.155981303856125,13.01781670933583,11.167163718304906,17.17864570609702,1.1504102713587292,-13.858727039152564,1.1806332732817115,0.027930491844886746,0.0008617437795958601
Đơn tấu,-364.41519726399196,239.53056151731357,-1.5966984667008537,31.164565899699028,12.121827807813185,11.295223547463433,1.9017017657142818,-0.3472462503308038,-0.5024784330440604,-6.761349252633825,-11.91645001846811,-5.982640525170393,1.8208507896069264,0.004693703551583591,0.00015057284333073472
Đơn tấu,-210.06203213184574,205.96404666964426,-15.41460387024991,14.921060497146785,-5.520229793511904,7.66060473488326,0.6047196488914681,3.5426263501213544,-13.266096498356216,-0.2822737341939805,-8.904296359589267,4.900799789456619,11.345512325689352,0.11385701109233137,0.009822758752542605
Đơn tấu,-436.7141984920438,258.000324415124,19.44018361131882,14.028839974050538,-0.005974474160567574,1.5885580841040732,-3.7055806826588302,-3.7103035929410355,-4.964211164011206,-5.0777894855542325,-3.4234008942808596,-4.293754271907502,0.6956868232804099,0.0026972197893894833,3.113956661524259e-05
Đơn tấu,-439.0788866126019,249.67452803902003,9.44291179255897,20.678534802286123,8.385966271162033,14.147271501180718,1.2465526377377303,2.080075094881265,-2.295719300374937,-4.594850374965065,-2.9367145732493705,-5.424296461294925,0.5546306361168636,0.0012880178821432007,2.0018450105967726e-05
Đơn tấu,-481.16160455914246,218.00303353912454,-12.347204158163589,25.781329563230177,3.809976519649244,21.734869062103158,-3.6986148401745984,10.742535038436934,-3.5160376852172672,3.539129419171292,-7.782670205901299,-1.1169037922568943,0.06598187408201321,0.0002663164735027282,1.4965700072058822e-05
Đơn tấu,-377.93292129159374,203.08657775674774,-22.756513507071148,15.929856556514434,5.492602224732721,20.883678756928365,-0.1118732223343291,1.2289350020845597,-0.9275796582866274,-1.206803613681857,-18.482290241879763,-7.040729074773182,0.4481831789281481,0.005034101716737988,0.00047648958449943423
Đơn tấu,-406.21339544085754,213.22234979840027,-46.61974873550759,42.99759703735045,25.554089948086435,13.917639759073289,16.126297797646412,7.553309274058677,4.0316322873966355,-2.691724128747066,6.16736940177388,5.00445986397091,0.6011791297306235,0.001841430642570441,0.00019287028268203882
Đơn tấu,-381.4272002663501,213.95978211878136,-5.865587925432518,27.769193905851115,17.600524638035026,5.684637146550277,3.707724927933918,19.45956754225951,0.17129053344894013,6.166112187066206,-12.028256680056403,-2.6101070213876043,0.7400735634251382,0.002049043890101255,0.00015048777354619524
Đơn tấu,-343.05514613122847,238.93332434816904,-46.820852896042894,1.780796855688095,25.730831992765733,8.86704339391013,-2.376986941715148,9.27162344100882,7.066338461876713,-2.446313700448709,1.3111174377210961,3.1142079273992556,2.1934855715799952,0.047612437676080824,0.0031372941166134447
Đơn tấu,-352.9404705136915,208.33104203138063,-9.984515220624548,22.73403804756726,5.378050824670887,19.500528720908342,1.2489622577177641,13.333260600184119,-1.9265081961218729,-2.352736769536865,-15.934024456950732,-4.623594658966348,1.0434888472124921,0.005597823966515678,0.0004464813667326157
Đơn tấu,-143.83109998025225,151.30069264440633,-32.26561827823071,38.288488089490095,-22.280785728258433,20.55923146388204,-5.872180723825028,16.673176580846906,-0.9716593532956962,6.525898093961952,-8.440768515784605,-3.7524791225840812,10.117773662444304,0.2514253610525169,0.027353212263177374
Đơn tấu,-491.8821380513169,217.55370955961604,35.3963062827005,40.840970111132464,2.4193900952171723,23.232082553531814,-12.25732185335263,8.78413270020166,-6.927494844614861,1.723892952885516,-7.619791735075788,-4.723792765102657,0.3494558072256479,0.0006834011257043649,1.5506804826666284e-05
Đơn tấu,-327.9181254715425,175.413147023689,-0.3675086865058312,49.042273409789225,2.6589464432619088,22.254107166692165,-6.504155847938563,20.06362120622775,-9.185694806950547,14.916115814028775,-4.248652333350086,7.417331975040627,0.8899437653408526,0.005353403970923117,0.0006785163470098505
Đơn tấu,-521.5824591084867,220.63353139819907,20.011677525214925,40.37543481807645,6.445231150025907,16.812852613154462,-7.539200641439113,2.786142558856154,-0.36019212336444534,-2.4553260318062775,-9.133188823593102,-12.524022113967899,0.15045886278700668,0.0002994154376074374,8.53768268811912e-06
Đơn tấu,-144.47347665231763,222.98081413957985,-42.97546794776334,33.960034695357386,3.185295040840688,-6.431786596077342,-1.2503661608018206,6.680894954846456,2.282811223414032,10.58513217718406,5.99127698991211,-1.2482253293129912,27.666617732801875,0.2736765054985882,0.024564037975193267
Đơn tấu,-119.33807447044347,211.9123669882682,-50.964194173398226,17.74571718544665,-14.521987847311042,-8.828716572810176,-1.974211532485525,1.6527878346052456,2.2984165572950674,11.995006070687221,5.8820477652559715,3.1875345919243867,29.712257752872468,0.5728864232653189,0.0380874914466332
Đơn tấu,-159.76640256033295,212.8179469794334,-63.97596491938052,16.2191541552743,-7.628752878378068,-16.846928547955677,-6.771044741057632,2.9686647831496584,-5.925954179221571,1.0193057105094694,-2.389462144179488,-10.073590911850085,14.10726906714204,0.32060955329843316,0.027683053121104365
Đơn tấu,-202.1691562052953,162.2182028269688,-64.51868434893248,37.969139755968264,-0.8663062371537837,-0.6203112620175084,-20.429034181263138,1.3017903815543772,-25.74364004406243,-2.674779889974307,6.892480426134672,0.44837593962516276,3.541387511480344,0.14387776522819315,0.0211055667793568
Đơn tấu,-214.09117376525268,172.88587944005246,-57.99377072056799,48.72748864893132,10.525124598605975,0.40914826371697677,-16.446065261112807,2.839495035866431,-24.701091976468778,-8.243789466776976,0.6223527395406295,-5.181642453905731,3.2060379421659264,0.09317821523165305,0.014564008558020425
Đơn tấu,-306.1750152485825,192.98771509278976,-22.748014438511138,26.459293818761623,23.443619114698773,35.292521120313815,0.5213074085604785,10.013933564159384,-4.594367418350982,6.999930993021532,-4.082870409341162,10.601728523953703,2.9266236195656905,0.041038950797432056,0.0033331759344502956
Đơn tấu,-238.6935430418289,149.45371077929852,16.158509243890194,72.30885947109465,-25.528353542787176,25.941625011007122,-6.8991994208914775,4.736758332724456,-15.48756405830782,2.1100439242894033,-4.82938177943429,5.5779039554771375,9.209375734253316,0.043152199058316916,0.002448276151631207
Đơn tấu,-108.80003638889478,144.4771967604009,-36.64057819659893,40.32474642852477,-22.505135831625566,20.463398418697626,-14.929347484805513,11.562374224830233,-3.9505792027432785,7.962006261266993,-2.0337589946279557,2.688037129499043,9.1760407476647,0.21166379346924968,0.025675724543496373
Đơn tấu,-303.20263508570235,156.36755381300298,28.741652762212084,50.04049422828649,-7.69689713592912,10.539686555995988,0.7748822933405538,-6.591371486717243,-15.986785612377435,1.7542367086661699,-10.737838368401878,0.7772067396537118,2.140993972302704,0.007821501914573752,0.0005963561743697194
Đơn tấu,-278.312576344978,153.0991155311814,3.684983853313038,66.9900810917883,-23.523042858444327,21.8296414242939,-20.23345204300705,3.97293031733969,-9.783335848596185,5.037895283671127,-1.4810019910435215,4.038015920382279,3.373910097952739,0.030565436433153525,0.0021721775631121285
Đơn tấu,-320.8316327225803,172.47083804280462,10.10965366148231,44.24873870252367,-15.100242523868944,4.18711463817984,-1.9842526369220437,-2.7662607463307207,-9.080337441186842,4.696469742368695,-4.6308618121123235,0.9772762688605682,1.2489025986365612,0.02839167148014999,0.006268868304972533
Đơn tấu,-325.77725005389055,166.935482267552,-23.284638810018233,31.467661850328827,-13.53478899069853,6.188662351373845,-4.41880262520999,0.7137157631458646,-7.789585865660256,2.244310548622473,-16.959360190857215,-9.377069971832544,0.6730322303456008,0.013476137626420913,0.0022154296740886465
Đơn tấu,-76.4364022921559,155.80855259209574,-30.086927227052957,60.07888968732445,-1.9844413205333378,29.21297877448857,-19.633106618795704,15.140285057168342,-5.769248430695024,1.3508840298971603,-8.56082760963751,1.270588311363622,39.827183954938654,0.4865871732771541,0.07150743691891404
Đơn tấu,-112.81952950468032,174.55573589108062,-47.54802075716165,43.358667759592315,25.368022487614066,19.178274539701118,-8.269099203240513,6.61734529781501,-14.51779170932379,3.6964544119643525,-6.373252331612501,-1.1903440649044952,27.250801558222427,0.5372455934740378,0.07061529262886751
Đơn tấu,-178.72607534147028,114.04899464482847,-3.100304895021445,37.15602330021236,-19.206602900721954,45.85869341630202,-7.418656419501655,25.86166024387481,-11.77223608964263,6.5708375664359355,-6.346530843040218,6.9019990665557795,3.800051386453317,0.09048389531441503,0.007465627426827279
Đơn tấu,-452.67401704820105,175.84219368006472,22.093937190480055,62.639560943861866,7.840296110680271,24.954011574038695,-2.4498631558988406,19.02336753451306,-10.253252308753423,7.127772045374714,3.8862933413838863,3.502619573105139,0.3743240578804028,0.0012012398091415845,7.790233301805538e-05
Đơn tấu,-67.7732291881456,122.81832602510484,-40.38292620871777,43.06855361836411,3.3409279013756525,22.489213353714415,-12.5456994721124,20.76139946426436,1.2320566984223682,14.09196787653958,-6.637764711842489,6.373391511597761,19.45110942829201,0.9513509878921121,0.15221845537321244
Đơn tấu,-274.97753064209803,192.65214188999954,-41.50554833284588,38.112071869564694,6.0076426724127705,19.541220944860708,13.864676075236853,5.746123213233757,7.232878357570706,-1.4440966535571427,2.7335068055967424,2.480583030194742,3.9373537304812736,0.06541087890131064,0.008294847564575542
Đơn tấu,-149.18794742316305,127.07630156832793,-4.3961822656684095,71.08350098013479,-9.485846311451999,28.60001529100348,1.5615548106738955,18.154347410269803,-5.056710624276196,16.928438099730375,2.604872380411346,11.391438110466785,24.989692097578047,0.25238326935184796,0.05387322248638373
Đơn tấu,-179.5553146923665,136.17404186924963,-11.254560351770458,46.27802819711309,-25.979598318753034,40.23566421776711,5.470635671579718,38.52375301629006,-1.6859333100526228,2.588671704000454,-1.3724968473000272,6.254402801543972,9.103795650114545,0.08203684873611086,0.010277822714925033
Đơn tấu,-141.4146213277327,127.56463838022289,1.8551741345570638,32.6515609631969,-27.44480073242682,31.568271976649562,-16.191021185156494,23.509737691951038,-13.117011527751998,11.751107669145766,-17.25272037657009,2.949014975804599,6.557376202322032,0.1571285446616744,0.02796211688238848
Đơn tấu,-157.70944141145534,142.91008845300578,-6.880650959385678,5.766549877149604,-23.138259908826058,14.921460134329205,-15.233491684481452,0.40342361739148264,-18.547647163222067,-6.411033590302419,-13.651612782956764,-2.5727967573049475,4.700619553675233,0.07751205165062197,0.005666176633451318
Đơn tấu,-184.96938637825957,211.63559128368976,-20.084104684084952,-2.0523179190414007,-9.746889287412765,32.95503860652247,7.017579598470675,7.6457863212827855,-3.365622506592186,-0.8611173728437328,3.9850167626620934,5.091778933254373,19.99694253959659,0.4705320204820417,0.023386516195246287
Đơn tấu,-208.2211840065028,191.5329893488549,3.8223963640007286,10.623882040132248,-4.650301367144122,14.046695643842819,-0.6180962916201971,18.647778287978475,-10.760816534675882,-3.360360125185654,-16.295711717677356,7.901843406185258,9.176175004461575,0.07611190705504088,0.002675170694775943
Đơn tấu,-99.51035819803194,151.0088613248589,-57.152434926367924,44.13309948260967,-21.90330499470433,31.013310379407876,-4.177905431359907,4.404841967749356,-1.126299761459979,6.151661544191,9.079913559067608,5.43325166050407,11.689604336958858,0.37398449614985096,0.050896033670116296
Đơn tấu,-397.0433726230991,230.15801328320967,-43.803691315411726,-16.453802834486083,-21.425965968183053,-7.220906525252256,-7.1084937036137115,-0.13550665919796678,-8.317222665484534,-5.186699795085052,5.86770782943653,2.339873806489351,0.17541267259753493,0.003974185789963326,0.000159896752900011
Đơn tấu,-270.5206548888548,187.76704595559417,7.511028131364181,39.21883165557249,-7.8946303411770025,29.287903115103475,-3.5698637500853843,11.544300573825039,-6.394150672499153,5.758472860357833,-4.147810220618711,6.228883298344437,5.582836599867124,0.011751963296612364,0.0015435881578924136
Đơn tấu,-160.93464766537465,183.35028744700762,-10.93054015580627,1.9197489219565056,33.62084931753152,-27.54020365843406,28.648877848749574,-24.09837490180663,10.848151885097641,-4.938894510119655,-3.180372846116589,5.769035249898665,11.339183718332068,0.16032180896907244,0.017136771837139457
Đơn tấu,-172.51485855204604,144.36460935152493,-17.835661651547937,-26.838256566420846,37.03994553144959,6.385915545316843,45.02643451244138,-13.907629722934901,15.540285914837318,-7.135652428038144,4.849806120961805,-0.35684675965022083,5.787779501073193,0.14779134279232234,0.012017947311869306
Đơn tấu,-597.0822816166192,219.24610732470867,31.088034164845745,7.1323913976201245,-11.484348914994046,8.634432202747035,-17.21847614915076,1.8744989536877061,-16.195893529864858,-1.969528921372117,-14.644096505669348,-4.646931186206265,0.019189059918895864,0.00011245088849565533,1.1856703206049575e-06
Đơn tấu,-572.9710354501985,210.6512972726471,10.333248450405224,-3.0606202879129443,-19.8184740556323,-9.20712692522285,-29.776886490276425,-11.118050618016202,-16.598801620167535,6.254990280471916,2.886625797254186,9.779326952819442,0.036869785943096596,0.00036969203978502843,5.0182396212723526e-06
Đơn tấu,-491.20505444580897,248.70557105022928,4.7057675964955905,5.3914186294660915,6.382325505084019,10.572297917361244,-9.556775704674099,0.9478024629545849,-9.657143692109099,2.1958615392645866,-1.3136973204869888,2.57647572597333,0.16368579868629052,0.0006012796151317828,1.446883119564866e-05
Đơn tấu,-324.0240430034523,264.91225788027145,-17.907261263317487,7.884744019512349,15.896973524005915,5.750099434003383,3.7065394611462303,2.406880332350133,-2.0592082605314097,-7.51435516988952,-8.14001947755997,-2.3092194724342097,2.728355328715173,0.012130825697182747,0.0003700929992106497
Đơn tấu,-328.67710968323775,240.36201247403454,-41.268160396595064,23.647313440125124,7.003422074144501,-0.13757322773486874,-4.335728261034226,-9.960578222039551,-1.7115671440186508,3.5153476313304743,-1.7189142705006744,-8.328253546088037,1.110068282636543,0.00902646128261107,0.0004945546078462978
Đơn tấu,-398.69557807437553,247.49955907713212,-26.39919294780712,5.878698991493238,3.1368174701430727,2.858180239310731,3.7058666859283096,4.493263304943723,3.5362837026549823,-0.8087422433106796,-3.3620330503951745,-4.031867760280303,0.3204833505664295,0.002679275597950261,8.071726137603999e-05
Đơn tấu,-332.5079820307601,252.08688660688622,-16.544157642185887,6.077338358530631,-1.7269859646375363,-4.756916859427025,-6.756606703667736,-3.80893307410953,-0.1833581649340116,-4.153361867129005,-2.7609457621805644,-2.565158821368297,1.725773298486843,0.014574176240509945,0.0003443349194097763
Đơn tấu,-359.7450296153193,248.8938966578863,-16.743397310525676,6.490474905856078,6.920309489337497,-1.127932476110283,-10.141113568807526,-14.744335668342169,-11.008477542711342,-5.234233437074866,-4.675951453156296,-1.732673085353845,1.0508317023649638,0.007270568383789083,0.00016147561631816432
Đơn tấu,-414.58280215056044,260.64034886184743,0.1272297345076915,7.973154705204693,7.606834266795762,5.452896162269506,-3.1021803966458625,-5.633478280792268,-4.213040489317183,-5.796624848326313,-6.695519549292466,-5.656062480996684,1.433849663313254,0.0077219799360459685,0.00019342326926188958
Đơn tấu,-337.8130200746466,244.14574588022901,-30.43164589094079,17.187254254435217,2.5152475475068874,1.2776141637643443,2.3391952099010695,0.768603838307403,-1.0960036883610347,-1.82754608315967,-1.0360831484995956,0.9750756470231109,1.07544207476067,0.010156465442228226,0.00046419477605254636
Đơn tấu,-350.9109122490006,249.6249341167335,-6.957841873168945,-4.558189063018381,-10.40056182723181,-7.56179286026237,-7.453036161968142,-5.700406183641292,-4.72772529900672,-5.7186668069665645,-5.0461069649477865,-3.3243238256129133,1.6118534775707796,0.018596909474456906,0.00039004237448304473
Đơn tấu,-397.2170200922019,248.55168289643865,-17.249030162134897,-9.143994471400877,-6.9775930189568065,-3.2933226839754495,-11.358511486579742,-8.749444405071712,-7.266947426225828,-3.4443008385374396,-6.789682143408319,-5.512729566631508,0.48825197800585884,0.0047801082758201835,0.0001240411140373519
Đơn tấu,-347.53788609329274,235.75061708788408,-41.610193667204484,-2.014565460807504,-8.8170919638613,-7.435340271521373,-1.747477106127053,-0.617474956979919,-4.793680453430051,-6.94872043962064,-3.9427405653589944,0.7512186713840651,0.8779623400549215,0.00924150461742162,0.00030184813019302505
Đơn tấu,-388.79155595964414,246.20477361264437,-8.789420348894238,10.231720505849175,1.8027157376841159,4.083454770948675,-0.9960126945107278,-2.3526162371587596,-4.4070973345966244,-7.761202349511278,-13.979529644932635,-11.705237857573806,0.6501202687253571,0.005624388728421614,0.00023778066556732528
Đơn tấu,-310.51507971518015,248.66634795019857,-8.719837127571122,15.379259058564005,9.45426762991127,8.634686380375587,-1.3302416188461725,-2.547538732804582,0.2427394546593312,-2.1090038657985803,-4.519686639483358,-6.884101040985273,3.791880884960786,0.01969914279227147,0.0006298071255552331
Đơn tấu,-372.13095776612147,242.61990142107808,-28.880872686571102,13.592532125504121,10.695097872893946,11.017794838517805,-11.541272819440898,3.0061907884867294,4.488650137365463,-3.4281487443225838,-8.867960572442083,-10.36178383545134,0.4600005000681744,0.003088551659579311,0.0001516212821815063
Đơn tấu,-287.46896668501125,226.05140946302126,-40.372858509969554,28.05296297097286,-0.3472131528084892,6.772211987039317,-5.873805026545573,2.390029641572249,-7.850374053428603,-2.6875931026046493,-4.092857345539989,0.2248841878961161,1.3800962965765713,0.012067541714000787,0.000775290143199228
Đơn tấu,-465.95720425098636,252.99814424546665,23.35986053245921,23.763266202149584,5.939043575978798,8.150416871476732,-4.56055351334272,-5.722710814065359,-6.872111068048007,-6.912577486157816,-5.513283493645165,-1.8502756377127656,0.45428132993343556,0.0015034644732120938,1.3674908608391283e-05
Đơn tấu,-204.52922517400123,206.4307128497988,-50.662546179765044,31.740068896957066,21.52546278449604,6.20318705620973,-0.5001695103270553,12.372198496574542,-7.071080005766643,5.103543927014671,-5.761612244972018,6.2591259146863,9.250936816387302,0.14778157979182993,0.016270684915432945
Đơn tấu,-260.6377420074565,181.21013786800728,-82.40173357705208,7.737427670222062,11.975199129071123,-15.466115367651783,-15.764994287271563,-8.859641659219927,-1.8275569645457443,14.291504402423783,11.697827559948765,8.31445291568603,2.1485049692286258,0.12647422324289825,0.01295446409461287
Đơn tấu,-141.10117072166008,122.24234562494284,-11.512255722264383,71.53888468917796,-10.268169948812512,32.02136764398785,-9.945117461990353,17.8925851840638,-7.211948989781498,11.356504154220273,-7.112131700368231,7.163786103593864,14.44444478216447,0.38187466960286637,0.08896953338263197
Đơn tấu,-306.38640459245664,234.49140210614158,-38.8876244760676,7.575162463712453,2.366659212122394,0.33632852839785676,1.0164747789352633,-1.2133314296055,3.3491571764383825,-3.628433158365779,-4.1201643396081735,0.7126823944790307,1.3047464479346538,0.020034901890280756,0.000990991577525999
Đơn tấu,-218.85390366519175,224.21895311030258,-55.954097964691876,41.308175907884554,17.674292127224913,-7.7526369571287095,6.176645510870477,2.4321052375994,1.4890785924467356,-1.4530765086811124,-1.0553935992976893,2.4565463930767115,8.253744017610009,0.1721409680339255,0.017845519588569357
Đơn tấu,-128.6261636863983,179.32683343791643,-39.396446530236844,42.17601755709951,-4.201413842896155,15.093493062516917,-16.464095540868,13.104213081075994,-10.105288688853433,6.159659937522483,-4.816929249859175,6.009234722255165,15.865343810402535,0.3834684875325758,0.052682262895169675
Đơn tấu,-141.94324164247035,150.46096531284294,-34.709109651603825,49.95690183416258,-8.54672546638643,24.458517711098775,-4.74172243954346,20.858716780276204,-10.936266026768,1.5678220120660438,-10.921963384269073,2.053178878033839,11.68988082075747,0.2464804571955293,0.03417990347317601
Đơn tấu,-131.448114905469,166.8674932371414,-45.301403689643614,50.285505014119735,-21.804283033645273,26.36452708415762,-19.098792442111268,0.2983842990470172,6.682549402765606,-9.429937660694122,2.771611327834951,-0.16447040705278168,10.224936246541002,0.3067430140375997,0.03984849348407624
Đơn tấu,-121.18525924810199,175.66540078255645,-62.605915642103625,48.27531687631256,-15.05844484045354,13.5322140825034,-2.0068013968076994,1.618261344058059,-3.0943517874814197,-1.9484307026384666,0.4174853891732302,1.5484443586008205,10.561585217124836,0.34015932959741124,0.05195699956176296
Đơn tấu,-200.26992052773568,194.35029351990357,-16.963834953347973,6.962323580697229,-19.06380495877569,5.83453103433983,-5.3490820054625186,7.022850327866532,-1.804825531835839,13.97581617648785,-3.058859386272654,1.1411444518877112,14.238140927637026,0.2584904566389917,0.011138168319630718
Đơn tấu,-259.80314590301003,193.9860690828151,-45.787519113873955,8.842730038154583,-27.44583624421952,11.192674967556894,-3.2464784006759473,-7.010188628710732,-8.41336406054704,-2.4632491285984335,-6.058229352817886,7.916371607959869,3.239777028080182,0.07238076153469822,0.0031436857309633157
Đơn tấu,-241.97756764083402,142.47045717271274,-80.24779470947674,28.24486167056106,-15.431258780800778,11.554725998968982,-11.517164170293505,0.13792664669827873,-4.801567634013185,-2.977461963293943,2.5417189380297294,10.396144533237088,1.207515886566605,0.08354886963091375,0.012072834982663991
Đơn tấu,-155.24321876959658,198.24805805116992,-67.24316142155574,13.483573370454303,-2.998049569830149,7.585973470854919,-4.661176908873395,8.706026227976567,-3.4145974453576033,-2.019225968664705,-4.849851929324128,1.5122261035402482,6.801812858682867,0.2506455826415778,0.023431380760643227
Đơn tấu,-306.84562029886405,203.1255689640109,-69.83610340265128,21.77833223871164,-2.14566036510627,-5.714949815817501,7.491137258178963,-6.212374911659139,-1.4376792767175464,-2.4844957436357054,-3.111815619329146,3.7189156799810785,0.9119327447616984,0.04156399706422188,0.004529228087927038
Đơn tấu,-303.90884088114353,231.71621010056307,-69.81587554140633,14.133671878472619,18.00835920725778,-1.8192578385207168,6.920475631553592,7.724243629487063,3.2353440205189696,-1.2104369675036657,-2.07555808550538,-3.022496438519811,1.6370419391265831,0.06443852929971539,0.006529563673034333
Đơn tấu,-353.14475211969585,243.7374037930798,-49.7195623275827,13.09078691476165,15.187846758493214,-6.184075083147523,6.574407327783148,3.035113632629149,-2.536511292425685,-0.4725617710064885,-4.448076318937002,0.3932515337415364,2.2370773563130344,0.12291432629828408,0.015727119182271387
Đơn tấu,-288.3969220062562,167.64428960997924,-35.12185361273711,19.189892310063577,-6.226924643668044,9.09129503254707,-3.344915001787071,3.236390875633744,-10.026669274380176,1.5884899087374824,-5.60176512947848,2.082178515260634,3.5937031918005973,0.10939104848929111,0.009273380960389998
Đơn tấu,-349.5633872552062,219.52398263172162,-41.949691927951314,30.465223889536283,-10.7051813499784,-13.25589858429089,-7.896341363921214,-20.907036033960487,5.021007612796133,2.0778838236595076,-7.634846476408152,-1.5615074081365081,0.6667501845126068,0.01800905848277055,0.0028159102370115276
Đơn tấu,-142.5029885019347,136.67085698615747,-43.490830893699936,24.492239855204936,-16.13050564525518,25.844857784617307,-10.440285971531502,15.11837728162075,-6.911673755948759,15.318117547394042,-6.301030776871487,11.209897388482972,13.249773624967503,0.36705653951548495,0.0426039707434571
Đơn tấu,-298.1155565957162,207.88360455363093,-70.98783671975535,-2.1427678058179325,-22.170904753100512,8.441090062808831,-11.583865584139042,-6.358504215909486,-2.3902045670759717,-4.083555488731949,-7.81099457455718,-2.558497778448373,0.9319394186737147,0.032805481227426256,0.0026991982888948953
Đơn tấu,-198.12328346277957,246.4985633263221,-35.69535468025351,-24.950181544425096,-8.651126095333625,2.6810298494022824,-2.9175071678931097,-1.486951457517203,-4.403120211060829,-4.014880401783165,-6.708590067798477,-6.217057592743217,20.774472117291634,0.42277734574959935,0.016201443983452638
Đơn tấu,-199.317623002872,228.66503105035991,-48.51509653684686,20.135035155309883,3.744625782787202,6.779082857894658,5.077561999144762,3.525954259428691,-5.158684726044486,-2.6042481060809517,-2.2033972283918724,-6.0747366685133715,11.18553440183725,0.22690744829823545,0.02192627244050923
Đơn tấu,-306.58442371585295,225.36193449600884,0.8302630380443905,16.220099532285264,-3.8429582145899834,2.945360814747603,13.200740473625252,25.624230440643718,11.179344493310188,13.81505291976259,11.95314979054856,3.738985913653039,6.801633712046789,0.045031974499836515,0.0011158995959284813
Đơn tấu,-130.7911252433241,117.6234703701874,-55.56069378868792,55.321581154762704,-22.689378128003913,24.41366878321338,6.203931684179051,9.493881371408003,-13.035697727498402,13.353186630086357,-12.822713654376193,-2.790745201218487,5.175358917860837,0.2791457255799507,0.059698167299617126
Đơn tấu,-163.1203279271971,171.22165603382533,-45.082945062962665,9.535527077382026,-23.8199561185462,27.499678920244293,-10.175977395243171,16.745736725952316,-0.20161089291141981,-2.992073266651718,-7.109439162207288,0.27882360634596454,6.526068229470433,0.18954964851848413,0.013710321652932083
Đơn tấu,-451.3340446956979,195.62185383161972,-53.66202748659064,13.84984564661581,-1.422742581287754,-4.954943665443455,-21.893494320952374,0.08357965916295514,-9.19719013412262,-4.29047603680936,-0.8426799781147054,-3.1245367930684997,0.060780182614748095,0.0010752773176205897,9.170025438521936e-05
Đơn tấu,-322.6166971774404,169.28493798297384,-67.03541034200917,28.824199072493357,-16.64975581749227,13.887875759531822,-9.717366736668806,7.117945551847335,1.2548561026420082,2.662329540155006,-5.323435054873942,-11.771655137821982,0.5308586380492746,0.01886961069328704,0.002028515304094118
Đơn tấu,-348.4879892916982,195.56180192315858,-67.26787396816904,6.327429318806798,-10.874290520319073,-2.092838722938379,-13.152878658827332,-4.163568637019217,-11.627240076312253,-6.46722609352906,-5.8327033564597865,-1.0524964551861868,0.4541123889832069,0.011376911753844657,0.0009513581667389768
Đơn tấu,-369.73994394768044,227.91770429834474,-40.39175856153303,25.295340340671732,11.20846679079094,-6.632976710248153,-14.049403996770597,-0.9511700657299131,-3.8883473747550044,-5.67501474812278,4.405694196455455,-1.5270676045712819,0.3754129249775427,0.0052931974784791915,0.00044301413127071667
Đơn tấu,-293.58765694608655,184.68054717201053,-53.036895560580355,36.24944683739972,2.3499394803740907,-10.624987310988448,-13.065611491334877,6.687415131458072,0.3047650529190051,3.3200446163431856,1.0096043915453563,-3.4181874390928244,0.8250010865756052,0.036180324044598734,0.005390856910066484
Đơn tấu,-311.1387411264273,168.7643055485244,-52.45113085743576,15.8057663580247,-2.018653835391121,17.1439192233277,1.9673544009493347,19.713118260122062,-8.365402311485347,-4.9501902499924535,-10.008977792932836,8.350155173436455,0.39316448004508275,0.014808399384268194,0.0013119853033925588
Đơn tấu,-275.8508170137437,205.04574544134746,-30.553283522758996,22.803069943668053,-3.0616780801560965,9.400250554932,-17.541494541542985,3.17444313173011,-9.380707961261074,11.201937466560798,1.1626658749121885,6.69426925669745,1.6323527426842015,0.019459806406671123,0.001301358966046576
Đơn tấu,-255.06496891289652,210.17141228615242,-27.916890948911174,30.590846297732963,6.901524343069979,15.097023425891647,-11.0178959268491,9.525374909906484,-5.372452367109599,6.918488292092065,-0.8014997628620237,8.67669158017755,3.0640714049158637,0.028143785597560252,0.002384999041963074
Đơn tấu,-355.27551392009826,226.57423150818482,-43.10828851935855,20.12888988094984,-2.1664953437512335,3.8586574402142526,-7.91462596735129,7.002871196081607,0.7176563543046398,-5.223795441630293,-4.934178982889373,-7.414015705071165,0.3700073298096445,0.0041505141223758995,0.00023237078064027868
Đơn tấu,-353.12005013048054,202.98917345538186,-43.10821501626617,22.982127536898073,1.9651907376920101,10.896192148477338,-15.90940787511127,1.5612466567037098,-3.325442942388879,-3.039165400940439,-5.915136473932394,-1.6366001063565347,0.2915035108210251,0.006464970428730208,0.0005797223331657453
Đơn tấu,-295.54840878898085,179.23181259512504,-39.171956846945264,16.542004696900232,-10.026635046088975,7.640845689735683,-11.52097434682591,14.97436389571249,-0.9697371972444464,16.416858573721402,-5.237964495268953,-4.909410511968925,0.5103622885424033,0.015209946683218636,0.0014359656813638566
Đơn tấu,-189.92177492479814,207.8818861537155,-38.745399727071806,33.64851720357021,1.1313195551019848,14.714591635708825,-5.8521021036400045,9.812754247848405,-6.27239665179747,1.1253767479024204,-6.369856787864181,-2.689492353976371,7.048010445276219,0.07483230229792653,0.007028893866909535
